{"cameraMode":{"drawMode":0,"name":"Shaded","section":"Shading Mode"},"sceneLighting":true,"audioPlay":false,"sceneViewState":{"showFog":true,"showMaterialUpdate":false,"showSkybox":true,"showFlares":true,"showImageEffects":true,"showParticleSystems":true},"in2DMode":false,"pivot":{"x":0.39298728108406069,"y":13.27133560180664,"z":-10.908795356750489},"rotation":{"x":0.4710485637187958,"y":0.031747005879879,"z":-0.01694127917289734,"w":0.8813974261283875},"size":0.9339746832847595,"orthographic":false}