{"cameraMode":{"drawMode":0,"name":"Shaded","section":"Shading Mode"},"sceneLighting":true,"audioPlay":false,"sceneViewState":{"showFog":true,"showMaterialUpdate":false,"showSkybox":true,"showFlares":true,"showImageEffects":true,"showParticleSystems":true},"in2DMode":false,"pivot":{"x":7.061960220336914,"y":7.66151762008667,"z":-11.89073657989502},"rotation":{"x":-0.11140435934066773,"y":0.558746337890625,"z":-0.07606969028711319,"w":-0.8183002471923828},"size":0.29256027936935427,"orthographic":false}