{"cameraMode":{"drawMode":0,"name":"Shaded","section":"Shading Mode"},"sceneLighting":true,"audioPlay":false,"sceneViewState":{"showFog":true,"showMaterialUpdate":false,"showSkybox":true,"showFlares":true,"showImageEffects":true,"showParticleSystems":true},"in2DMode":false,"pivot":{"x":-0.3667643666267395,"y":8.687657356262207,"z":-7.64650821685791},"rotation":{"x":0.4107944667339325,"y":0.000006238371497602202,"z":0.0000352562747139018,"w":0.9117558002471924},"size":0.8660253882408142,"orthographic":false}