{"cameraMode":{"drawMode":0,"name":"Shaded","section":"Shading Mode"},"sceneLighting":false,"audioPlay":false,"sceneViewState":{"showFog":true,"showMaterialUpdate":false,"showSkybox":false,"showFlares":true,"showImageEffects":true,"showParticleSystems":true},"in2DMode":false,"pivot":{"x":0.039999961853027347,"y":1.5,"z":0.8700000047683716},"rotation":{"x":0.2132018804550171,"y":-0.11256120353937149,"z":0.024774223566055299,"w":0.970213770866394},"size":1.9525624513626099,"orthographic":false}