{"cameraMode":{"drawMode":0,"name":"Shaded","section":"Shading Mode"},"sceneLighting":true,"audioPlay":false,"sceneViewState":{"showFog":true,"showMaterialUpdate":false,"showSkybox":true,"showFlares":true,"showImageEffects":true,"showParticleSystems":true},"in2DMode":false,"pivot":{"x":1.6736066341400147,"y":0.04999999701976776,"z":0.45000141859054568},"rotation":{"x":-0.2576139271259308,"y":-0.05619925260543823,"z":0.015011129900813103,"w":-0.9645082950592041},"size":1.3064899444580079,"orthographic":false}